Class,Filename
Benign,1811.jpg
Benign,2089.jpg
Benign,2279.jpg
Benign,2588.jpg
Benign,3032.jpg
Benign,3514.jpg
Benign,3528.jpg
Benign,3573.jpg
Benign,3662.jpg
Benign,3733.jpg
Benign,3746.jpg
Benign,3862.jpg
Benign,3996.jpg
Benign,4362.jpg
Benign,4367.jpg
Benign,4473.jpg
Benign,4578.jpg
Benign,4615.jpg
Benign,4627.jpg
Benign,4857.jpg
Benign,4875.jpg
Benign,5160.jpg
Benign,5211.jpg
Benign,5478.jpg
Benign,5688.jpg
Benign,5974.jpg
Benign,6248.jpg
Benign,1034.jpg
Benign,1159.jpg
Benign,1231.jpg
Benign,1240.jpg
Benign,138.jpg
Benign,1669.jpg
Benign,1708.jpg
Benign,1709.jpg
Benign,1777.jpg
Benign,1778.jpg
Benign,180.jpg
Benign,2363.jpg
Benign,2375.jpg
Benign,3314.jpg
Benign,3324.jpg
Benign,363.jpg
Benign,4079.jpg
Benign,4253.jpg
Benign,4283.jpg
Benign,4517.jpg
Benign,452.jpg
Benign,4661.jpg
Benign,4908.jpg
Benign,5583.jpg
Benign,5590.jpg
Benign,5614.jpg
Benign,5642.jpg
Benign,6266.jpg
Benign,969.jpg
Benign,1440.jpg
Benign,1699.jpg
Benign,1894.jpg
Benign,1955.jpg
Benign,1975.jpg
Benign,2125.jpg
Benign,2201.jpg
Benign,2418.jpg
Benign,2541.jpg
Benign,2620.jpg
Benign,2959.jpg
Benign,3269.jpg
Benign,3536.jpg
Benign,3743.jpg
Benign,3814.jpg
Benign,3883.jpg
Benign,4144.jpg
Benign,4297.jpg
Benign,4307.jpg
Benign,4765.jpg
Benign,4921.jpg
Benign,4954.jpg
Benign,4980.jpg
Benign,4981.jpg
Benign,5109.jpg
Benign,5216.jpg
Benign,5468.jpg
Benign,5662.jpg
Benign,6009.jpg
Benign,6075.jpg
Benign,6101.jpg
Benign,6135.jpg
Benign,6151.jpg
Benign,661.jpg
Benign,2278.jpg
Benign,3020.jpg
Malignant,1028.jpg
Malignant,1125.jpg
Malignant,1245.jpg
Malignant,1428.jpg
Malignant,147.jpg
Malignant,1553.jpg
Malignant,1581.jpg
Malignant,1584.jpg
Malignant,1587.jpg
Malignant,1593.jpg
Malignant,1597.jpg
Malignant,1626.jpg
Malignant,1632.jpg
Malignant,1634.jpg
Malignant,1646.jpg
Malignant,1647.jpg
Malignant,1653.jpg
Malignant,1663.jpg
Malignant,1664.jpg
Malignant,1676.jpg
Malignant,1721.jpg
Malignant,1728.jpg
Malignant,1729.jpg
Malignant,1733.jpg
Malignant,1734.jpg
Malignant,1755.jpg
Malignant,1757.jpg
Malignant,1763.jpg
Malignant,1766.jpg
Malignant,1774.jpg
Malignant,1775.jpg
Malignant,1793.jpg
Malignant,1799.jpg
Malignant,1814.jpg
Malignant,1839.jpg
Malignant,1841.jpg
Malignant,1846.jpg
Malignant,1850.jpg
Malignant,1863.jpg
Malignant,1868.jpg
Malignant,1871.jpg
Malignant,1890.jpg
Malignant,1891.jpg
Malignant,1893.jpg
Malignant,1899.jpg
Malignant,1914.jpg
Malignant,1925.jpg
Malignant,1927.jpg
Malignant,1931.jpg
Malignant,1932.jpg
Malignant,1942.jpg
Malignant,1980.jpg
Malignant,2128.jpg
Malignant,2181.jpg
Malignant,2288.jpg
Malignant,2433.jpg
Malignant,2474.jpg
Malignant,2581.jpg
Malignant,2647.jpg
Malignant,2651.jpg
Malignant,2664.jpg
Malignant,2668.jpg
Malignant,2678.jpg
Malignant,2685.jpg
Malignant,2686.jpg
Malignant,2716.jpg
Malignant,2745.jpg
Malignant,2780.jpg
Malignant,2781.jpg
Malignant,2783.jpg
Malignant,2797.jpg
Malignant,2819.jpg
Malignant,2837.jpg
Malignant,2850.jpg
Malignant,2863.jpg
Malignant,2868.jpg
Malignant,2870.jpg
Malignant,2878.jpg
Malignant,2881.jpg
Malignant,2883.jpg
Malignant,2891.jpg
Malignant,29.jpg
Malignant,2937.jpg
Malignant,2952.jpg
Malignant,2957.jpg
Malignant,2975.jpg
Malignant,2984.jpg
Malignant,2990.jpg
Malignant,2991.jpg
Malignant,2997.jpg
Malignant,3002.jpg
Malignant,3023.jpg
Malignant,3046.jpg
Malignant,3050.jpg
Malignant,3055.jpg
Malignant,3083.jpg
Malignant,3114.jpg
Malignant,3117.jpg
Malignant,3125.jpg
Malignant,3141.jpg
Malignant,3202.jpg
Malignant,3203.jpg
Malignant,3206.jpg
Malignant,3208.jpg
Malignant,3211.jpg
Malignant,3216.jpg
Malignant,3234.jpg
Malignant,3235.jpg
Malignant,3248.jpg
Malignant,3283.jpg
Malignant,3287.jpg
Malignant,3291.jpg
Malignant,3298.jpg
Malignant,3303.jpg
Malignant,3357.jpg
Malignant,3363.jpg
Malignant,3369.jpg
Malignant,3383.jpg
Malignant,3387.jpg
Malignant,3394.jpg
Malignant,3420.jpg
Malignant,3439.jpg
Malignant,3457.jpg
Malignant,3462.jpg
Malignant,3489.jpg
Malignant,3496.jpg
Malignant,3513.jpg
Malignant,3534.jpg
Malignant,3541.jpg
Malignant,3542.jpg
Malignant,3554.jpg
Malignant,3556.jpg
Malignant,3569.jpg
Malignant,3571.jpg
Malignant,3580.jpg
Malignant,3583.jpg
Malignant,3606.jpg
Malignant,3613.jpg
Malignant,3615.jpg
Malignant,3619.jpg
Malignant,3631.jpg
Malignant,3637.jpg
Malignant,3642.jpg
Malignant,3646.jpg
Malignant,3659.jpg
Malignant,3660.jpg
Malignant,3689.jpg
Malignant,369.jpg
Malignant,3698.jpg
Malignant,3714.jpg
Malignant,3718.jpg
Malignant,3723.jpg
Malignant,3752.jpg
Malignant,3760.jpg
Malignant,3763.jpg
Malignant,3767.jpg
Malignant,3779.jpg
Malignant,3797.jpg
Malignant,3803.jpg
Malignant,3816.jpg
Malignant,3861.jpg
Malignant,3871.jpg
Malignant,3877.jpg
Malignant,3883.jpg
Malignant,3892.jpg
Malignant,3905.jpg
Malignant,3907.jpg
Malignant,3927.jpg
Malignant,3959.jpg
Malignant,3964.jpg
Malignant,3992.jpg
Malignant,4012.jpg
Malignant,4026.jpg
Malignant,4027.jpg
Malignant,4037.jpg
Malignant,4039.jpg
Malignant,4042.jpg
Malignant,4048.jpg
Malignant,4085.jpg
Malignant,4091.jpg
Malignant,4095.jpg
Malignant,4115.jpg
Malignant,4136.jpg
Malignant,4139.jpg
Malignant,4140.jpg
Malignant,4151.jpg
Malignant,4171.jpg
Malignant,4172.jpg
Malignant,4183.jpg
Malignant,4184.jpg
Malignant,4190.jpg
Malignant,4199.jpg
Malignant,4203.jpg
Malignant,4220.jpg
Malignant,4249.jpg
Malignant,4271.jpg
Malignant,4301.jpg
Malignant,4312.jpg
Malignant,4318.jpg
Malignant,4331.jpg
Malignant,4340.jpg
Malignant,4359.jpg
Malignant,4382.jpg
Malignant,4408.jpg
Malignant,4425.jpg
Malignant,4452.jpg
Malignant,4456.jpg
Malignant,4471.jpg
Malignant,4474.jpg
Malignant,4487.jpg
Malignant,4517.jpg
Malignant,4537.jpg
Malignant,4545.jpg
Malignant,4567.jpg
Malignant,4615.jpg
Malignant,4627.jpg
Malignant,4635.jpg
Malignant,4687.jpg
Malignant,4703.jpg
Malignant,4716.jpg
Malignant,4719.jpg
Malignant,4722.jpg
Malignant,4740.jpg
Malignant,4758.jpg
Malignant,4785.jpg
Malignant,4791.jpg
Malignant,4793.jpg
Malignant,4800.jpg
Malignant,4807.jpg
Malignant,4847.jpg
Malignant,4851.jpg
Malignant,4877.jpg
Malignant,4881.jpg
Malignant,4883.jpg
Malignant,4885.jpg
Malignant,4902.jpg
Malignant,4915.jpg
Malignant,4929.jpg
Malignant,4933.jpg
Malignant,4957.jpg
Malignant,4959.jpg
Malignant,5008.jpg
Malignant,5019.jpg
Malignant,5038.jpg
Malignant,5048.jpg
Malignant,5064.jpg
Malignant,5071.jpg
Malignant,5075.jpg
Malignant,5078.jpg
Malignant,5099.jpg
Malignant,5105.jpg
Malignant,5119.jpg
Malignant,5128.jpg
Malignant,5129.jpg
Malignant,5132.jpg
Malignant,5133.jpg
Malignant,5134.jpg
Malignant,5137.jpg
Malignant,5149.jpg
Malignant,5161.jpg
Malignant,5168.jpg
Malignant,5195.jpg
Malignant,5197.jpg
Malignant,52.jpg
Malignant,5204.jpg
Malignant,5216.jpg
Malignant,5229.jpg
Malignant,5233.jpg
Malignant,5252.jpg
Malignant,5274.jpg
Malignant,5284.jpg
Malignant,5291.jpg
Malignant,5381.jpg
Malignant,5406.jpg
Malignant,5415.jpg
Malignant,5427.jpg
Malignant,5433.jpg
Malignant,5455.jpg
Malignant,5459.jpg
Malignant,5511.jpg
Malignant,5534.jpg
Malignant,5557.jpg
Malignant,5565.jpg
Malignant,622.jpg
Malignant,623.jpg
Malignant,635.jpg
Malignant,636.jpg
Malignant,658.jpg
Malignant,777.jpg
Malignant,797.jpg
Malignant,1372.jpg
Malignant,1583.jpg
Malignant,2515.jpg
Malignant,2671.jpg
Malignant,2763.jpg
Malignant,2845.jpg
Malignant,2855.jpg
Malignant,2882.jpg
Malignant,2886.jpg
Malignant,2908.jpg
Malignant,3104.jpg
Malignant,3156.jpg
Malignant,3318.jpg
Malignant,3429.jpg
Malignant,3523.jpg
Malignant,3598.jpg
Malignant,3695.jpg
Malignant,3699.jpg
Malignant,3730.jpg
Malignant,3738.jpg
Malignant,3874.jpg
Malignant,4067.jpg
Malignant,4164.jpg
Malignant,4165.jpg
Malignant,4193.jpg
Malignant,4207.jpg
Malignant,4361.jpg
Malignant,4378.jpg
Malignant,4423.jpg
Malignant,4454.jpg
Malignant,4486.jpg
Malignant,4520.jpg
Malignant,4524.jpg
Malignant,4582.jpg
Malignant,4590.jpg
Malignant,4658.jpg
Malignant,4826.jpg
Malignant,4925.jpg
Malignant,4973.jpg
Malignant,4979.jpg
Malignant,5022.jpg
Malignant,5130.jpg
Malignant,5211.jpg
Malignant,5231.jpg
Malignant,1124.jpg
Malignant,1501.jpg
Malignant,1502.jpg
Malignant,1983.jpg
Malignant,202.jpg
Malignant,2380.jpg
Malignant,3280.jpg
Malignant,3464.jpg
Malignant,358.jpg
Malignant,3958.jpg
Malignant,5069.jpg
Malignant,5353.jpg
Malignant,5377.jpg
Malignant,5436.jpg
Malignant,557.jpg
Malignant,590.jpg
Malignant,615.jpg
Malignant,629.jpg
Malignant,796.jpg
Malignant,80.jpg
Malignant,91.jpg
Malignant,4057.jpg
