Hamming_Distance,Similarity_Strength,Train_Class,Train_Filename,Train_Path,Test_Class,Test_Filename,Test_Path
0,Very Strong,Malignant,876.jpg,D:/university/summer 26/Data Mining/research project/archive\train\Malignant\876.jpg,Malignant,5610.jpg,D:/university/summer 26/Data Mining/research project/archive\test\Malignant\5610.jpg
0,Very Strong,Malignant,877.jpg,D:/university/summer 26/Data Mining/research project/archive\train\Malignant\877.jpg,Malignant,5621.jpg,D:/university/summer 26/Data Mining/research project/archive\test\Malignant\5621.jpg
0,Very Strong,Malignant,878.jpg,D:/university/summer 26/Data Mining/research project/archive\train\Malignant\878.jpg,Malignant,5632.jpg,D:/university/summer 26/Data Mining/research project/archive\test\Malignant\5632.jpg
0,Very Strong,Malignant,879.jpg,D:/university/summer 26/Data Mining/research project/archive\train\Malignant\879.jpg,Malignant,5643.jpg,D:/university/summer 26/Data Mining/research project/archive\test\Malignant\5643.jpg
0,Very Strong,Malignant,955.jpg,D:/university/summer 26/Data Mining/research project/archive\train\Malignant\955.jpg,Malignant,5643.jpg,D:/university/summer 26/Data Mining/research project/archive\test\Malignant\5643.jpg
0,Very Strong,Malignant,881.jpg,D:/university/summer 26/Data Mining/research project/archive\train\Malignant\881.jpg,Malignant,5654.jpg,D:/university/summer 26/Data Mining/research project/archive\test\Malignant\5654.jpg
0,Very Strong,Malignant,3183.jpg,D:/university/summer 26/Data Mining/research project/archive\train\Malignant\3183.jpg,Malignant,5658.jpg,D:/university/summer 26/Data Mining/research project/archive\test\Malignant\5658.jpg
0,Very Strong,Malignant,1423.jpg,D:/university/summer 26/Data Mining/research project/archive\train\Malignant\1423.jpg,Malignant,5677.jpg,D:/university/summer 26/Data Mining/research project/archive\test\Malignant\5677.jpg
0,Very Strong,Malignant,1433.jpg,D:/university/summer 26/Data Mining/research project/archive\train\Malignant\1433.jpg,Malignant,5688.jpg,D:/university/summer 26/Data Mining/research project/archive\test\Malignant\5688.jpg
0,Very Strong,Malignant,37.jpg,D:/university/summer 26/Data Mining/research project/archive\train\Malignant\37.jpg,Malignant,5699.jpg,D:/university/summer 26/Data Mining/research project/archive\test\Malignant\5699.jpg
0,Very Strong,Malignant,882.jpg,D:/university/summer 26/Data Mining/research project/archive\train\Malignant\882.jpg,Malignant,5702.jpg,D:/university/summer 26/Data Mining/research project/archive\test\Malignant\5702.jpg
0,Very Strong,Malignant,883.jpg,D:/university/summer 26/Data Mining/research project/archive\train\Malignant\883.jpg,Malignant,5703.jpg,D:/university/summer 26/Data Mining/research project/archive\test\Malignant\5703.jpg
0,Very Strong,Malignant,885.jpg,D:/university/summer 26/Data Mining/research project/archive\train\Malignant\885.jpg,Malignant,5705.jpg,D:/university/summer 26/Data Mining/research project/archive\test\Malignant\5705.jpg
0,Very Strong,Malignant,887.jpg,D:/university/summer 26/Data Mining/research project/archive\train\Malignant\887.jpg,Malignant,5707.jpg,D:/university/summer 26/Data Mining/research project/archive\test\Malignant\5707.jpg
0,Very Strong,Malignant,888.jpg,D:/university/summer 26/Data Mining/research project/archive\train\Malignant\888.jpg,Malignant,5708.jpg,D:/university/summer 26/Data Mining/research project/archive\test\Malignant\5708.jpg
0,Very Strong,Malignant,889.jpg,D:/university/summer 26/Data Mining/research project/archive\train\Malignant\889.jpg,Malignant,5709.jpg,D:/university/summer 26/Data Mining/research project/archive\test\Malignant\5709.jpg
0,Very Strong,Malignant,890.jpg,D:/university/summer 26/Data Mining/research project/archive\train\Malignant\890.jpg,Malignant,5712.jpg,D:/university/summer 26/Data Mining/research project/archive\test\Malignant\5712.jpg
0,Very Strong,Malignant,892.jpg,D:/university/summer 26/Data Mining/research project/archive\train\Malignant\892.jpg,Malignant,5713.jpg,D:/university/summer 26/Data Mining/research project/archive\test\Malignant\5713.jpg
0,Very Strong,Malignant,893.jpg,D:/university/summer 26/Data Mining/research project/archive\train\Malignant\893.jpg,Malignant,5715.jpg,D:/university/summer 26/Data Mining/research project/archive\test\Malignant\5715.jpg
0,Very Strong,Malignant,894.jpg,D:/university/summer 26/Data Mining/research project/archive\train\Malignant\894.jpg,Malignant,5716.jpg,D:/university/summer 26/Data Mining/research project/archive\test\Malignant\5716.jpg
0,Very Strong,Malignant,895.jpg,D:/university/summer 26/Data Mining/research project/archive\train\Malignant\895.jpg,Malignant,5717.jpg,D:/university/summer 26/Data Mining/research project/archive\test\Malignant\5717.jpg
0,Very Strong,Malignant,896.jpg,D:/university/summer 26/Data Mining/research project/archive\train\Malignant\896.jpg,Malignant,5718.jpg,D:/university/summer 26/Data Mining/research project/archive\test\Malignant\5718.jpg
0,Very Strong,Malignant,897.jpg,D:/university/summer 26/Data Mining/research project/archive\train\Malignant\897.jpg,Malignant,5719.jpg,D:/university/summer 26/Data Mining/research project/archive\test\Malignant\5719.jpg
0,Very Strong,Malignant,898.jpg,D:/university/summer 26/Data Mining/research project/archive\train\Malignant\898.jpg,Malignant,5720.jpg,D:/university/summer 26/Data Mining/research project/archive\test\Malignant\5720.jpg
0,Very Strong,Malignant,899.jpg,D:/university/summer 26/Data Mining/research project/archive\train\Malignant\899.jpg,Malignant,5722.jpg,D:/university/summer 26/Data Mining/research project/archive\test\Malignant\5722.jpg
0,Very Strong,Malignant,900.jpg,D:/university/summer 26/Data Mining/research project/archive\train\Malignant\900.jpg,Malignant,5724.jpg,D:/university/summer 26/Data Mining/research project/archive\test\Malignant\5724.jpg
0,Very Strong,Malignant,901.jpg,D:/university/summer 26/Data Mining/research project/archive\train\Malignant\901.jpg,Malignant,5725.jpg,D:/university/summer 26/Data Mining/research project/archive\test\Malignant\5725.jpg
0,Very Strong,Malignant,900.jpg,D:/university/summer 26/Data Mining/research project/archive\train\Malignant\900.jpg,Malignant,5728.jpg,D:/university/summer 26/Data Mining/research project/archive\test\Malignant\5728.jpg
0,Very Strong,Malignant,905.jpg,D:/university/summer 26/Data Mining/research project/archive\train\Malignant\905.jpg,Malignant,5729.jpg,D:/university/summer 26/Data Mining/research project/archive\test\Malignant\5729.jpg
0,Very Strong,Malignant,906.jpg,D:/university/summer 26/Data Mining/research project/archive\train\Malignant\906.jpg,Malignant,5730.jpg,D:/university/summer 26/Data Mining/research project/archive\test\Malignant\5730.jpg
0,Very Strong,Malignant,907.jpg,D:/university/summer 26/Data Mining/research project/archive\train\Malignant\907.jpg,Malignant,5731.jpg,D:/university/summer 26/Data Mining/research project/archive\test\Malignant\5731.jpg
0,Very Strong,Malignant,908.jpg,D:/university/summer 26/Data Mining/research project/archive\train\Malignant\908.jpg,Malignant,5733.jpg,D:/university/summer 26/Data Mining/research project/archive\test\Malignant\5733.jpg
0,Very Strong,Malignant,909.jpg,D:/university/summer 26/Data Mining/research project/archive\train\Malignant\909.jpg,Malignant,5734.jpg,D:/university/summer 26/Data Mining/research project/archive\test\Malignant\5734.jpg
0,Very Strong,Malignant,911.jpg,D:/university/summer 26/Data Mining/research project/archive\train\Malignant\911.jpg,Malignant,5737.jpg,D:/university/summer 26/Data Mining/research project/archive\test\Malignant\5737.jpg
0,Very Strong,Malignant,912.jpg,D:/university/summer 26/Data Mining/research project/archive\train\Malignant\912.jpg,Malignant,5738.jpg,D:/university/summer 26/Data Mining/research project/archive\test\Malignant\5738.jpg
0,Very Strong,Malignant,914.jpg,D:/university/summer 26/Data Mining/research project/archive\train\Malignant\914.jpg,Malignant,5739.jpg,D:/university/summer 26/Data Mining/research project/archive\test\Malignant\5739.jpg
0,Very Strong,Malignant,916.jpg,D:/university/summer 26/Data Mining/research project/archive\train\Malignant\916.jpg,Malignant,5742.jpg,D:/university/summer 26/Data Mining/research project/archive\test\Malignant\5742.jpg
0,Very Strong,Malignant,918.jpg,D:/university/summer 26/Data Mining/research project/archive\train\Malignant\918.jpg,Malignant,5744.jpg,D:/university/summer 26/Data Mining/research project/archive\test\Malignant\5744.jpg
0,Very Strong,Malignant,919.jpg,D:/university/summer 26/Data Mining/research project/archive\train\Malignant\919.jpg,Malignant,5745.jpg,D:/university/summer 26/Data Mining/research project/archive\test\Malignant\5745.jpg
0,Very Strong,Malignant,921.jpg,D:/university/summer 26/Data Mining/research project/archive\train\Malignant\921.jpg,Malignant,5748.jpg,D:/university/summer 26/Data Mining/research project/archive\test\Malignant\5748.jpg
0,Very Strong,Malignant,922.jpg,D:/university/summer 26/Data Mining/research project/archive\train\Malignant\922.jpg,Malignant,5749.jpg,D:/university/summer 26/Data Mining/research project/archive\test\Malignant\5749.jpg
0,Very Strong,Malignant,923.jpg,D:/university/summer 26/Data Mining/research project/archive\train\Malignant\923.jpg,Malignant,5750.jpg,D:/university/summer 26/Data Mining/research project/archive\test\Malignant\5750.jpg
0,Very Strong,Malignant,925.jpg,D:/university/summer 26/Data Mining/research project/archive\train\Malignant\925.jpg,Malignant,5751.jpg,D:/university/summer 26/Data Mining/research project/archive\test\Malignant\5751.jpg
0,Very Strong,Malignant,926.jpg,D:/university/summer 26/Data Mining/research project/archive\train\Malignant\926.jpg,Malignant,5752.jpg,D:/university/summer 26/Data Mining/research project/archive\test\Malignant\5752.jpg
0,Very Strong,Malignant,927.jpg,D:/university/summer 26/Data Mining/research project/archive\train\Malignant\927.jpg,Malignant,5755.jpg,D:/university/summer 26/Data Mining/research project/archive\test\Malignant\5755.jpg
0,Very Strong,Malignant,929.jpg,D:/university/summer 26/Data Mining/research project/archive\train\Malignant\929.jpg,Malignant,5757.jpg,D:/university/summer 26/Data Mining/research project/archive\test\Malignant\5757.jpg
0,Very Strong,Malignant,930.jpg,D:/university/summer 26/Data Mining/research project/archive\train\Malignant\930.jpg,Malignant,5758.jpg,D:/university/summer 26/Data Mining/research project/archive\test\Malignant\5758.jpg
0,Very Strong,Malignant,5377.jpg,D:/university/summer 26/Data Mining/research project/archive\train\Malignant\5377.jpg,Malignant,5759.jpg,D:/university/summer 26/Data Mining/research project/archive\test\Malignant\5759.jpg
0,Very Strong,Malignant,615.jpg,D:/university/summer 26/Data Mining/research project/archive\train\Malignant\615.jpg,Malignant,5759.jpg,D:/university/summer 26/Data Mining/research project/archive\test\Malignant\5759.jpg
0,Very Strong,Malignant,934.jpg,D:/university/summer 26/Data Mining/research project/archive\train\Malignant\934.jpg,Malignant,5764.jpg,D:/university/summer 26/Data Mining/research project/archive\test\Malignant\5764.jpg
0,Very Strong,Malignant,938.jpg,D:/university/summer 26/Data Mining/research project/archive\train\Malignant\938.jpg,Malignant,5769.jpg,D:/university/summer 26/Data Mining/research project/archive\test\Malignant\5769.jpg
0,Very Strong,Malignant,940.jpg,D:/university/summer 26/Data Mining/research project/archive\train\Malignant\940.jpg,Malignant,5771.jpg,D:/university/summer 26/Data Mining/research project/archive\test\Malignant\5771.jpg
0,Very Strong,Malignant,941.jpg,D:/university/summer 26/Data Mining/research project/archive\train\Malignant\941.jpg,Malignant,5773.jpg,D:/university/summer 26/Data Mining/research project/archive\test\Malignant\5773.jpg
0,Very Strong,Malignant,942.jpg,D:/university/summer 26/Data Mining/research project/archive\train\Malignant\942.jpg,Malignant,5774.jpg,D:/university/summer 26/Data Mining/research project/archive\test\Malignant\5774.jpg
0,Very Strong,Malignant,943.jpg,D:/university/summer 26/Data Mining/research project/archive\train\Malignant\943.jpg,Malignant,5775.jpg,D:/university/summer 26/Data Mining/research project/archive\test\Malignant\5775.jpg
0,Very Strong,Malignant,945.jpg,D:/university/summer 26/Data Mining/research project/archive\train\Malignant\945.jpg,Malignant,5779.jpg,D:/university/summer 26/Data Mining/research project/archive\test\Malignant\5779.jpg
0,Very Strong,Malignant,950.jpg,D:/university/summer 26/Data Mining/research project/archive\train\Malignant\950.jpg,Malignant,5783.jpg,D:/university/summer 26/Data Mining/research project/archive\test\Malignant\5783.jpg
0,Very Strong,Malignant,951.jpg,D:/university/summer 26/Data Mining/research project/archive\train\Malignant\951.jpg,Malignant,5784.jpg,D:/university/summer 26/Data Mining/research project/archive\test\Malignant\5784.jpg
0,Very Strong,Malignant,952.jpg,D:/university/summer 26/Data Mining/research project/archive\train\Malignant\952.jpg,Malignant,5786.jpg,D:/university/summer 26/Data Mining/research project/archive\test\Malignant\5786.jpg
0,Very Strong,Malignant,954.jpg,D:/university/summer 26/Data Mining/research project/archive\train\Malignant\954.jpg,Malignant,5789.jpg,D:/university/summer 26/Data Mining/research project/archive\test\Malignant\5789.jpg
0,Very Strong,Malignant,879.jpg,D:/university/summer 26/Data Mining/research project/archive\train\Malignant\879.jpg,Malignant,5790.jpg,D:/university/summer 26/Data Mining/research project/archive\test\Malignant\5790.jpg
0,Very Strong,Malignant,955.jpg,D:/university/summer 26/Data Mining/research project/archive\train\Malignant\955.jpg,Malignant,5790.jpg,D:/university/summer 26/Data Mining/research project/archive\test\Malignant\5790.jpg
0,Very Strong,Malignant,956.jpg,D:/university/summer 26/Data Mining/research project/archive\train\Malignant\956.jpg,Malignant,5791.jpg,D:/university/summer 26/Data Mining/research project/archive\test\Malignant\5791.jpg
0,Very Strong,Malignant,959.jpg,D:/university/summer 26/Data Mining/research project/archive\train\Malignant\959.jpg,Malignant,5793.jpg,D:/university/summer 26/Data Mining/research project/archive\test\Malignant\5793.jpg
0,Very Strong,Malignant,960.jpg,D:/university/summer 26/Data Mining/research project/archive\train\Malignant\960.jpg,Malignant,5794.jpg,D:/university/summer 26/Data Mining/research project/archive\test\Malignant\5794.jpg
0,Very Strong,Malignant,961.jpg,D:/university/summer 26/Data Mining/research project/archive\train\Malignant\961.jpg,Malignant,5796.jpg,D:/university/summer 26/Data Mining/research project/archive\test\Malignant\5796.jpg
0,Very Strong,Malignant,962.jpg,D:/university/summer 26/Data Mining/research project/archive\train\Malignant\962.jpg,Malignant,5798.jpg,D:/university/summer 26/Data Mining/research project/archive\test\Malignant\5798.jpg
0,Very Strong,Malignant,963.jpg,D:/university/summer 26/Data Mining/research project/archive\train\Malignant\963.jpg,Malignant,5800.jpg,D:/university/summer 26/Data Mining/research project/archive\test\Malignant\5800.jpg
0,Very Strong,Malignant,965.jpg,D:/university/summer 26/Data Mining/research project/archive\train\Malignant\965.jpg,Malignant,5802.jpg,D:/university/summer 26/Data Mining/research project/archive\test\Malignant\5802.jpg
0,Very Strong,Malignant,966.jpg,D:/university/summer 26/Data Mining/research project/archive\train\Malignant\966.jpg,Malignant,5803.jpg,D:/university/summer 26/Data Mining/research project/archive\test\Malignant\5803.jpg
0,Very Strong,Malignant,967.jpg,D:/university/summer 26/Data Mining/research project/archive\train\Malignant\967.jpg,Malignant,5804.jpg,D:/university/summer 26/Data Mining/research project/archive\test\Malignant\5804.jpg
0,Very Strong,Malignant,968.jpg,D:/university/summer 26/Data Mining/research project/archive\train\Malignant\968.jpg,Malignant,5805.jpg,D:/university/summer 26/Data Mining/research project/archive\test\Malignant\5805.jpg
0,Very Strong,Malignant,974.jpg,D:/university/summer 26/Data Mining/research project/archive\train\Malignant\974.jpg,Malignant,5813.jpg,D:/university/summer 26/Data Mining/research project/archive\test\Malignant\5813.jpg
0,Very Strong,Malignant,975.jpg,D:/university/summer 26/Data Mining/research project/archive\train\Malignant\975.jpg,Malignant,5814.jpg,D:/university/summer 26/Data Mining/research project/archive\test\Malignant\5814.jpg
0,Very Strong,Malignant,976.jpg,D:/university/summer 26/Data Mining/research project/archive\train\Malignant\976.jpg,Malignant,5815.jpg,D:/university/summer 26/Data Mining/research project/archive\test\Malignant\5815.jpg
0,Very Strong,Malignant,977.jpg,D:/university/summer 26/Data Mining/research project/archive\train\Malignant\977.jpg,Malignant,5816.jpg,D:/university/summer 26/Data Mining/research project/archive\test\Malignant\5816.jpg
0,Very Strong,Malignant,979.jpg,D:/university/summer 26/Data Mining/research project/archive\train\Malignant\979.jpg,Malignant,5818.jpg,D:/university/summer 26/Data Mining/research project/archive\test\Malignant\5818.jpg
0,Very Strong,Malignant,981.jpg,D:/university/summer 26/Data Mining/research project/archive\train\Malignant\981.jpg,Malignant,5819.jpg,D:/university/summer 26/Data Mining/research project/archive\test\Malignant\5819.jpg
0,Very Strong,Malignant,983.jpg,D:/university/summer 26/Data Mining/research project/archive\train\Malignant\983.jpg,Malignant,5824.jpg,D:/university/summer 26/Data Mining/research project/archive\test\Malignant\5824.jpg
0,Very Strong,Malignant,984.jpg,D:/university/summer 26/Data Mining/research project/archive\train\Malignant\984.jpg,Malignant,5825.jpg,D:/university/summer 26/Data Mining/research project/archive\test\Malignant\5825.jpg
0,Very Strong,Malignant,985.jpg,D:/university/summer 26/Data Mining/research project/archive\train\Malignant\985.jpg,Malignant,5826.jpg,D:/university/summer 26/Data Mining/research project/archive\test\Malignant\5826.jpg
0,Very Strong,Malignant,987.jpg,D:/university/summer 26/Data Mining/research project/archive\train\Malignant\987.jpg,Malignant,5828.jpg,D:/university/summer 26/Data Mining/research project/archive\test\Malignant\5828.jpg
0,Very Strong,Malignant,988.jpg,D:/university/summer 26/Data Mining/research project/archive\train\Malignant\988.jpg,Malignant,5829.jpg,D:/university/summer 26/Data Mining/research project/archive\test\Malignant\5829.jpg
0,Very Strong,Malignant,990.jpg,D:/university/summer 26/Data Mining/research project/archive\train\Malignant\990.jpg,Malignant,5831.jpg,D:/university/summer 26/Data Mining/research project/archive\test\Malignant\5831.jpg
0,Very Strong,Malignant,993.jpg,D:/university/summer 26/Data Mining/research project/archive\train\Malignant\993.jpg,Malignant,5835.jpg,D:/university/summer 26/Data Mining/research project/archive\test\Malignant\5835.jpg
0,Very Strong,Malignant,994.jpg,D:/university/summer 26/Data Mining/research project/archive\train\Malignant\994.jpg,Malignant,5838.jpg,D:/university/summer 26/Data Mining/research project/archive\test\Malignant\5838.jpg
0,Very Strong,Malignant,38.jpg,D:/university/summer 26/Data Mining/research project/archive\train\Malignant\38.jpg,Malignant,5843.jpg,D:/university/summer 26/Data Mining/research project/archive\test\Malignant\5843.jpg
0,Very Strong,Malignant,1000.jpg,D:/university/summer 26/Data Mining/research project/archive\train\Malignant\1000.jpg,Malignant,5845.jpg,D:/university/summer 26/Data Mining/research project/archive\test\Malignant\5845.jpg
0,Very Strong,Malignant,1001.jpg,D:/university/summer 26/Data Mining/research project/archive\train\Malignant\1001.jpg,Malignant,5847.jpg,D:/university/summer 26/Data Mining/research project/archive\test\Malignant\5847.jpg
0,Very Strong,Malignant,1003.jpg,D:/university/summer 26/Data Mining/research project/archive\train\Malignant\1003.jpg,Malignant,5848.jpg,D:/university/summer 26/Data Mining/research project/archive\test\Malignant\5848.jpg
0,Very Strong,Malignant,1005.jpg,D:/university/summer 26/Data Mining/research project/archive\train\Malignant\1005.jpg,Malignant,5851.jpg,D:/university/summer 26/Data Mining/research project/archive\test\Malignant\5851.jpg
0,Very Strong,Malignant,1006.jpg,D:/university/summer 26/Data Mining/research project/archive\train\Malignant\1006.jpg,Malignant,5852.jpg,D:/university/summer 26/Data Mining/research project/archive\test\Malignant\5852.jpg
0,Very Strong,Malignant,1007.jpg,D:/university/summer 26/Data Mining/research project/archive\train\Malignant\1007.jpg,Malignant,5853.jpg,D:/university/summer 26/Data Mining/research project/archive\test\Malignant\5853.jpg
0,Very Strong,Malignant,1009.jpg,D:/university/summer 26/Data Mining/research project/archive\train\Malignant\1009.jpg,Malignant,5856.jpg,D:/university/summer 26/Data Mining/research project/archive\test\Malignant\5856.jpg
0,Very Strong,Malignant,1011.jpg,D:/university/summer 26/Data Mining/research project/archive\train\Malignant\1011.jpg,Malignant,5859.jpg,D:/university/summer 26/Data Mining/research project/archive\test\Malignant\5859.jpg
0,Very Strong,Malignant,1016.jpg,D:/university/summer 26/Data Mining/research project/archive\train\Malignant\1016.jpg,Malignant,5864.jpg,D:/university/summer 26/Data Mining/research project/archive\test\Malignant\5864.jpg
0,Very Strong,Malignant,1017.jpg,D:/university/summer 26/Data Mining/research project/archive\train\Malignant\1017.jpg,Malignant,5866.jpg,D:/university/summer 26/Data Mining/research project/archive\test\Malignant\5866.jpg
0,Very Strong,Malignant,1019.jpg,D:/university/summer 26/Data Mining/research project/archive\train\Malignant\1019.jpg,Malignant,5868.jpg,D:/university/summer 26/Data Mining/research project/archive\test\Malignant\5868.jpg
0,Very Strong,Malignant,1021.jpg,D:/university/summer 26/Data Mining/research project/archive\train\Malignant\1021.jpg,Malignant,5871.jpg,D:/university/summer 26/Data Mining/research project/archive\test\Malignant\5871.jpg
0,Very Strong,Malignant,1022.jpg,D:/university/summer 26/Data Mining/research project/archive\train\Malignant\1022.jpg,Malignant,5872.jpg,D:/university/summer 26/Data Mining/research project/archive\test\Malignant\5872.jpg
0,Very Strong,Malignant,1023.jpg,D:/university/summer 26/Data Mining/research project/archive\train\Malignant\1023.jpg,Malignant,5873.jpg,D:/university/summer 26/Data Mining/research project/archive\test\Malignant\5873.jpg
0,Very Strong,Malignant,1025.jpg,D:/university/summer 26/Data Mining/research project/archive\train\Malignant\1025.jpg,Malignant,5874.jpg,D:/university/summer 26/Data Mining/research project/archive\test\Malignant\5874.jpg
0,Very Strong,Malignant,1031.jpg,D:/university/summer 26/Data Mining/research project/archive\train\Malignant\1031.jpg,Malignant,5884.jpg,D:/university/summer 26/Data Mining/research project/archive\test\Malignant\5884.jpg
0,Very Strong,Malignant,1032.jpg,D:/university/summer 26/Data Mining/research project/archive\train\Malignant\1032.jpg,Malignant,5885.jpg,D:/university/summer 26/Data Mining/research project/archive\test\Malignant\5885.jpg
0,Very Strong,Malignant,1033.jpg,D:/university/summer 26/Data Mining/research project/archive\train\Malignant\1033.jpg,Malignant,5886.jpg,D:/university/summer 26/Data Mining/research project/archive\test\Malignant\5886.jpg
0,Very Strong,Malignant,1034.jpg,D:/university/summer 26/Data Mining/research project/archive\train\Malignant\1034.jpg,Malignant,5889.jpg,D:/university/summer 26/Data Mining/research project/archive\test\Malignant\5889.jpg
0,Very Strong,Malignant,1036.jpg,D:/university/summer 26/Data Mining/research project/archive\train\Malignant\1036.jpg,Malignant,5890.jpg,D:/university/summer 26/Data Mining/research project/archive\test\Malignant\5890.jpg
0,Very Strong,Malignant,1037.jpg,D:/university/summer 26/Data Mining/research project/archive\train\Malignant\1037.jpg,Malignant,5891.jpg,D:/university/summer 26/Data Mining/research project/archive\test\Malignant\5891.jpg
0,Very Strong,Malignant,1039.jpg,D:/university/summer 26/Data Mining/research project/archive\train\Malignant\1039.jpg,Malignant,5894.jpg,D:/university/summer 26/Data Mining/research project/archive\test\Malignant\5894.jpg
0,Very Strong,Malignant,1040.jpg,D:/university/summer 26/Data Mining/research project/archive\train\Malignant\1040.jpg,Malignant,5895.jpg,D:/university/summer 26/Data Mining/research project/archive\test\Malignant\5895.jpg
0,Very Strong,Malignant,1041.jpg,D:/university/summer 26/Data Mining/research project/archive\train\Malignant\1041.jpg,Malignant,5897.jpg,D:/university/summer 26/Data Mining/research project/archive\test\Malignant\5897.jpg
0,Very Strong,Malignant,1045.jpg,D:/university/summer 26/Data Mining/research project/archive\train\Malignant\1045.jpg,Malignant,5902.jpg,D:/university/summer 26/Data Mining/research project/archive\test\Malignant\5902.jpg
0,Very Strong,Malignant,1048.jpg,D:/university/summer 26/Data Mining/research project/archive\train\Malignant\1048.jpg,Malignant,5904.jpg,D:/university/summer 26/Data Mining/research project/archive\test\Malignant\5904.jpg
0,Very Strong,Malignant,1049.jpg,D:/university/summer 26/Data Mining/research project/archive\train\Malignant\1049.jpg,Malignant,5906.jpg,D:/university/summer 26/Data Mining/research project/archive\test\Malignant\5906.jpg
0,Very Strong,Malignant,1052.jpg,D:/university/summer 26/Data Mining/research project/archive\train\Malignant\1052.jpg,Malignant,5911.jpg,D:/university/summer 26/Data Mining/research project/archive\test\Malignant\5911.jpg
0,Very Strong,Malignant,1053.jpg,D:/university/summer 26/Data Mining/research project/archive\train\Malignant\1053.jpg,Malignant,5912.jpg,D:/university/summer 26/Data Mining/research project/archive\test\Malignant\5912.jpg
0,Very Strong,Malignant,1054.jpg,D:/university/summer 26/Data Mining/research project/archive\train\Malignant\1054.jpg,Malignant,5913.jpg,D:/university/summer 26/Data Mining/research project/archive\test\Malignant\5913.jpg
0,Very Strong,Malignant,1055.jpg,D:/university/summer 26/Data Mining/research project/archive\train\Malignant\1055.jpg,Malignant,5914.jpg,D:/university/summer 26/Data Mining/research project/archive\test\Malignant\5914.jpg
0,Very Strong,Malignant,1056.jpg,D:/university/summer 26/Data Mining/research project/archive\train\Malignant\1056.jpg,Malignant,5915.jpg,D:/university/summer 26/Data Mining/research project/archive\test\Malignant\5915.jpg
0,Very Strong,Malignant,1059.jpg,D:/university/summer 26/Data Mining/research project/archive\train\Malignant\1059.jpg,Malignant,5916.jpg,D:/university/summer 26/Data Mining/research project/archive\test\Malignant\5916.jpg
0,Very Strong,Malignant,3798.jpg,D:/university/summer 26/Data Mining/research project/archive\train\Malignant\3798.jpg,Malignant,5941.jpg,D:/university/summer 26/Data Mining/research project/archive\test\Malignant\5941.jpg
0,Very Strong,Malignant,1060.jpg,D:/university/summer 26/Data Mining/research project/archive\train\Malignant\1060.jpg,Malignant,5944.jpg,D:/university/summer 26/Data Mining/research project/archive\test\Malignant\5944.jpg
0,Very Strong,Malignant,1061.jpg,D:/university/summer 26/Data Mining/research project/archive\train\Malignant\1061.jpg,Malignant,5947.jpg,D:/university/summer 26/Data Mining/research project/archive\test\Malignant\5947.jpg
0,Very Strong,Malignant,1063.jpg,D:/university/summer 26/Data Mining/research project/archive\train\Malignant\1063.jpg,Malignant,5949.jpg,D:/university/summer 26/Data Mining/research project/archive\test\Malignant\5949.jpg
0,Very Strong,Malignant,1064.jpg,D:/university/summer 26/Data Mining/research project/archive\train\Malignant\1064.jpg,Malignant,5950.jpg,D:/university/summer 26/Data Mining/research project/archive\test\Malignant\5950.jpg
0,Very Strong,Malignant,1066.jpg,D:/university/summer 26/Data Mining/research project/archive\train\Malignant\1066.jpg,Malignant,5952.jpg,D:/university/summer 26/Data Mining/research project/archive\test\Malignant\5952.jpg
0,Very Strong,Malignant,1067.jpg,D:/university/summer 26/Data Mining/research project/archive\train\Malignant\1067.jpg,Malignant,5953.jpg,D:/university/summer 26/Data Mining/research project/archive\test\Malignant\5953.jpg
0,Very Strong,Malignant,5568.jpg,D:/university/summer 26/Data Mining/research project/archive\train\Malignant\5568.jpg,Malignant,5955.jpg,D:/university/summer 26/Data Mining/research project/archive\test\Malignant\5955.jpg
0,Very Strong,Malignant,1070.jpg,D:/university/summer 26/Data Mining/research project/archive\train\Malignant\1070.jpg,Malignant,5956.jpg,D:/university/summer 26/Data Mining/research project/archive\test\Malignant\5956.jpg
0,Very Strong,Malignant,1071.jpg,D:/university/summer 26/Data Mining/research project/archive\train\Malignant\1071.jpg,Malignant,5958.jpg,D:/university/summer 26/Data Mining/research project/archive\test\Malignant\5958.jpg
0,Very Strong,Malignant,1073.jpg,D:/university/summer 26/Data Mining/research project/archive\train\Malignant\1073.jpg,Malignant,5961.jpg,D:/university/summer 26/Data Mining/research project/archive\test\Malignant\5961.jpg
0,Very Strong,Malignant,1075.jpg,D:/university/summer 26/Data Mining/research project/archive\train\Malignant\1075.jpg,Malignant,5963.jpg,D:/university/summer 26/Data Mining/research project/archive\test\Malignant\5963.jpg
0,Very Strong,Malignant,4946.jpg,D:/university/summer 26/Data Mining/research project/archive\train\Malignant\4946.jpg,Malignant,5963.jpg,D:/university/summer 26/Data Mining/research project/archive\test\Malignant\5963.jpg
0,Very Strong,Malignant,1076.jpg,D:/university/summer 26/Data Mining/research project/archive\train\Malignant\1076.jpg,Malignant,5964.jpg,D:/university/summer 26/Data Mining/research project/archive\test\Malignant\5964.jpg
0,Very Strong,Malignant,1077.jpg,D:/university/summer 26/Data Mining/research project/archive\train\Malignant\1077.jpg,Malignant,5966.jpg,D:/university/summer 26/Data Mining/research project/archive\test\Malignant\5966.jpg
0,Very Strong,Malignant,1078.jpg,D:/university/summer 26/Data Mining/research project/archive\train\Malignant\1078.jpg,Malignant,5967.jpg,D:/university/summer 26/Data Mining/research project/archive\test\Malignant\5967.jpg
0,Very Strong,Malignant,1079.jpg,D:/university/summer 26/Data Mining/research project/archive\train\Malignant\1079.jpg,Malignant,5968.jpg,D:/university/summer 26/Data Mining/research project/archive\test\Malignant\5968.jpg
0,Very Strong,Malignant,1081.jpg,D:/university/summer 26/Data Mining/research project/archive\train\Malignant\1081.jpg,Malignant,5970.jpg,D:/university/summer 26/Data Mining/research project/archive\test\Malignant\5970.jpg
0,Very Strong,Malignant,1083.jpg,D:/university/summer 26/Data Mining/research project/archive\train\Malignant\1083.jpg,Malignant,5974.jpg,D:/university/summer 26/Data Mining/research project/archive\test\Malignant\5974.jpg
0,Very Strong,Malignant,1084.jpg,D:/university/summer 26/Data Mining/research project/archive\train\Malignant\1084.jpg,Malignant,5975.jpg,D:/university/summer 26/Data Mining/research project/archive\test\Malignant\5975.jpg
0,Very Strong,Malignant,39.jpg,D:/university/summer 26/Data Mining/research project/archive\train\Malignant\39.jpg,Malignant,5976.jpg,D:/university/summer 26/Data Mining/research project/archive\test\Malignant\5976.jpg
0,Very Strong,Malignant,1086.jpg,D:/university/summer 26/Data Mining/research project/archive\train\Malignant\1086.jpg,Malignant,5978.jpg,D:/university/summer 26/Data Mining/research project/archive\test\Malignant\5978.jpg
0,Very Strong,Malignant,1087.jpg,D:/university/summer 26/Data Mining/research project/archive\train\Malignant\1087.jpg,Malignant,5979.jpg,D:/university/summer 26/Data Mining/research project/archive\test\Malignant\5979.jpg
0,Very Strong,Malignant,1088.jpg,D:/university/summer 26/Data Mining/research project/archive\train\Malignant\1088.jpg,Malignant,5980.jpg,D:/university/summer 26/Data Mining/research project/archive\test\Malignant\5980.jpg
0,Very Strong,Malignant,1089.jpg,D:/university/summer 26/Data Mining/research project/archive\train\Malignant\1089.jpg,Malignant,5982.jpg,D:/university/summer 26/Data Mining/research project/archive\test\Malignant\5982.jpg
0,Very Strong,Malignant,1094.jpg,D:/university/summer 26/Data Mining/research project/archive\train\Malignant\1094.jpg,Malignant,5988.jpg,D:/university/summer 26/Data Mining/research project/archive\test\Malignant\5988.jpg
0,Very Strong,Malignant,1096.jpg,D:/university/summer 26/Data Mining/research project/archive\train\Malignant\1096.jpg,Malignant,5990.jpg,D:/university/summer 26/Data Mining/research project/archive\test\Malignant\5990.jpg
0,Very Strong,Malignant,5350.jpg,D:/university/summer 26/Data Mining/research project/archive\train\Malignant\5350.jpg,Malignant,5990.jpg,D:/university/summer 26/Data Mining/research project/archive\test\Malignant\5990.jpg
0,Very Strong,Malignant,1099.jpg,D:/university/summer 26/Data Mining/research project/archive\train\Malignant\1099.jpg,Malignant,5994.jpg,D:/university/summer 26/Data Mining/research project/archive\test\Malignant\5994.jpg
0,Very Strong,Malignant,1100.jpg,D:/university/summer 26/Data Mining/research project/archive\train\Malignant\1100.jpg,Malignant,5995.jpg,D:/university/summer 26/Data Mining/research project/archive\test\Malignant\5995.jpg
0,Very Strong,Malignant,1101.jpg,D:/university/summer 26/Data Mining/research project/archive\train\Malignant\1101.jpg,Malignant,5996.jpg,D:/university/summer 26/Data Mining/research project/archive\test\Malignant\5996.jpg
0,Very Strong,Malignant,1103.jpg,D:/university/summer 26/Data Mining/research project/archive\train\Malignant\1103.jpg,Malignant,5997.jpg,D:/university/summer 26/Data Mining/research project/archive\test\Malignant\5997.jpg
0,Very Strong,Malignant,1107.jpg,D:/university/summer 26/Data Mining/research project/archive\train\Malignant\1107.jpg,Malignant,6004.jpg,D:/university/summer 26/Data Mining/research project/archive\test\Malignant\6004.jpg
0,Very Strong,Malignant,1108.jpg,D:/university/summer 26/Data Mining/research project/archive\train\Malignant\1108.jpg,Malignant,6005.jpg,D:/university/summer 26/Data Mining/research project/archive\test\Malignant\6005.jpg
0,Very Strong,Malignant,40.jpg,D:/university/summer 26/Data Mining/research project/archive\train\Malignant\40.jpg,Malignant,6016.jpg,D:/university/summer 26/Data Mining/research project/archive\test\Malignant\6016.jpg
0,Very Strong,Malignant,41.jpg,D:/university/summer 26/Data Mining/research project/archive\train\Malignant\41.jpg,Malignant,6029.jpg,D:/university/summer 26/Data Mining/research project/archive\test\Malignant\6029.jpg
0,Very Strong,Malignant,42.jpg,D:/university/summer 26/Data Mining/research project/archive\train\Malignant\42.jpg,Malignant,6042.jpg,D:/university/summer 26/Data Mining/research project/archive\test\Malignant\6042.jpg
0,Very Strong,Malignant,44.jpg,D:/university/summer 26/Data Mining/research project/archive\train\Malignant\44.jpg,Malignant,6059.jpg,D:/university/summer 26/Data Mining/research project/archive\test\Malignant\6059.jpg
0,Very Strong,Malignant,45.jpg,D:/university/summer 26/Data Mining/research project/archive\train\Malignant\45.jpg,Malignant,6061.jpg,D:/university/summer 26/Data Mining/research project/archive\test\Malignant\6061.jpg
0,Very Strong,Malignant,49.jpg,D:/university/summer 26/Data Mining/research project/archive\train\Malignant\49.jpg,Malignant,6065.jpg,D:/university/summer 26/Data Mining/research project/archive\test\Malignant\6065.jpg
0,Very Strong,Malignant,50.jpg,D:/university/summer 26/Data Mining/research project/archive\train\Malignant\50.jpg,Malignant,6066.jpg,D:/university/summer 26/Data Mining/research project/archive\test\Malignant\6066.jpg
0,Very Strong,Malignant,51.jpg,D:/university/summer 26/Data Mining/research project/archive\train\Malignant\51.jpg,Malignant,6067.jpg,D:/university/summer 26/Data Mining/research project/archive\test\Malignant\6067.jpg
0,Very Strong,Malignant,52.jpg,D:/university/summer 26/Data Mining/research project/archive\train\Malignant\52.jpg,Malignant,6068.jpg,D:/university/summer 26/Data Mining/research project/archive\test\Malignant\6068.jpg
0,Very Strong,Malignant,53.jpg,D:/university/summer 26/Data Mining/research project/archive\train\Malignant\53.jpg,Malignant,6069.jpg,D:/university/summer 26/Data Mining/research project/archive\test\Malignant\6069.jpg
0,Very Strong,Malignant,54.jpg,D:/university/summer 26/Data Mining/research project/archive\train\Malignant\54.jpg,Malignant,6072.jpg,D:/university/summer 26/Data Mining/research project/archive\test\Malignant\6072.jpg
0,Very Strong,Malignant,55.jpg,D:/university/summer 26/Data Mining/research project/archive\train\Malignant\55.jpg,Malignant,6073.jpg,D:/university/summer 26/Data Mining/research project/archive\test\Malignant\6073.jpg
0,Very Strong,Malignant,56.jpg,D:/university/summer 26/Data Mining/research project/archive\train\Malignant\56.jpg,Malignant,6074.jpg,D:/university/summer 26/Data Mining/research project/archive\test\Malignant\6074.jpg
0,Very Strong,Malignant,57.jpg,D:/university/summer 26/Data Mining/research project/archive\train\Malignant\57.jpg,Malignant,6075.jpg,D:/university/summer 26/Data Mining/research project/archive\test\Malignant\6075.jpg
0,Very Strong,Malignant,1435.jpg,D:/university/summer 26/Data Mining/research project/archive\train\Malignant\1435.jpg,Malignant,6076.jpg,D:/university/summer 26/Data Mining/research project/archive\test\Malignant\6076.jpg
0,Very Strong,Malignant,59.jpg,D:/university/summer 26/Data Mining/research project/archive\train\Malignant\59.jpg,Malignant,6077.jpg,D:/university/summer 26/Data Mining/research project/archive\test\Malignant\6077.jpg
0,Very Strong,Malignant,60.jpg,D:/university/summer 26/Data Mining/research project/archive\train\Malignant\60.jpg,Malignant,6078.jpg,D:/university/summer 26/Data Mining/research project/archive\test\Malignant\6078.jpg
0,Very Strong,Malignant,62.jpg,D:/university/summer 26/Data Mining/research project/archive\train\Malignant\62.jpg,Malignant,6080.jpg,D:/university/summer 26/Data Mining/research project/archive\test\Malignant\6080.jpg
0,Very Strong,Malignant,63.jpg,D:/university/summer 26/Data Mining/research project/archive\train\Malignant\63.jpg,Malignant,6081.jpg,D:/university/summer 26/Data Mining/research project/archive\test\Malignant\6081.jpg
0,Very Strong,Malignant,64.jpg,D:/university/summer 26/Data Mining/research project/archive\train\Malignant\64.jpg,Malignant,6084.jpg,D:/university/summer 26/Data Mining/research project/archive\test\Malignant\6084.jpg
0,Very Strong,Malignant,65.jpg,D:/university/summer 26/Data Mining/research project/archive\train\Malignant\65.jpg,Malignant,6085.jpg,D:/university/summer 26/Data Mining/research project/archive\test\Malignant\6085.jpg
0,Very Strong,Malignant,66.jpg,D:/university/summer 26/Data Mining/research project/archive\train\Malignant\66.jpg,Malignant,6086.jpg,D:/university/summer 26/Data Mining/research project/archive\test\Malignant\6086.jpg
0,Very Strong,Malignant,67.jpg,D:/university/summer 26/Data Mining/research project/archive\train\Malignant\67.jpg,Malignant,6087.jpg,D:/university/summer 26/Data Mining/research project/archive\test\Malignant\6087.jpg
0,Very Strong,Malignant,68.jpg,D:/university/summer 26/Data Mining/research project/archive\train\Malignant\68.jpg,Malignant,6088.jpg,D:/university/summer 26/Data Mining/research project/archive\test\Malignant\6088.jpg
0,Very Strong,Malignant,1436.jpg,D:/university/summer 26/Data Mining/research project/archive\train\Malignant\1436.jpg,Malignant,6089.jpg,D:/university/summer 26/Data Mining/research project/archive\test\Malignant\6089.jpg
0,Very Strong,Malignant,70.jpg,D:/university/summer 26/Data Mining/research project/archive\train\Malignant\70.jpg,Malignant,6090.jpg,D:/university/summer 26/Data Mining/research project/archive\test\Malignant\6090.jpg
0,Very Strong,Malignant,71.jpg,D:/university/summer 26/Data Mining/research project/archive\train\Malignant\71.jpg,Malignant,6091.jpg,D:/university/summer 26/Data Mining/research project/archive\test\Malignant\6091.jpg
0,Very Strong,Malignant,72.jpg,D:/university/summer 26/Data Mining/research project/archive\train\Malignant\72.jpg,Malignant,6092.jpg,D:/university/summer 26/Data Mining/research project/archive\test\Malignant\6092.jpg
0,Very Strong,Malignant,73.jpg,D:/university/summer 26/Data Mining/research project/archive\train\Malignant\73.jpg,Malignant,6094.jpg,D:/university/summer 26/Data Mining/research project/archive\test\Malignant\6094.jpg
0,Very Strong,Malignant,74.jpg,D:/university/summer 26/Data Mining/research project/archive\train\Malignant\74.jpg,Malignant,6096.jpg,D:/university/summer 26/Data Mining/research project/archive\test\Malignant\6096.jpg
0,Very Strong,Malignant,75.jpg,D:/university/summer 26/Data Mining/research project/archive\train\Malignant\75.jpg,Malignant,6097.jpg,D:/university/summer 26/Data Mining/research project/archive\test\Malignant\6097.jpg
0,Very Strong,Malignant,76.jpg,D:/university/summer 26/Data Mining/research project/archive\train\Malignant\76.jpg,Malignant,6098.jpg,D:/university/summer 26/Data Mining/research project/archive\test\Malignant\6098.jpg
0,Very Strong,Malignant,77.jpg,D:/university/summer 26/Data Mining/research project/archive\train\Malignant\77.jpg,Malignant,6099.jpg,D:/university/summer 26/Data Mining/research project/archive\test\Malignant\6099.jpg
0,Very Strong,Malignant,78.jpg,D:/university/summer 26/Data Mining/research project/archive\train\Malignant\78.jpg,Malignant,6100.jpg,D:/university/summer 26/Data Mining/research project/archive\test\Malignant\6100.jpg
0,Very Strong,Malignant,79.jpg,D:/university/summer 26/Data Mining/research project/archive\train\Malignant\79.jpg,Malignant,6101.jpg,D:/university/summer 26/Data Mining/research project/archive\test\Malignant\6101.jpg
0,Very Strong,Malignant,1437.jpg,D:/university/summer 26/Data Mining/research project/archive\train\Malignant\1437.jpg,Malignant,6102.jpg,D:/university/summer 26/Data Mining/research project/archive\test\Malignant\6102.jpg
0,Very Strong,Malignant,81.jpg,D:/university/summer 26/Data Mining/research project/archive\train\Malignant\81.jpg,Malignant,6103.jpg,D:/university/summer 26/Data Mining/research project/archive\test\Malignant\6103.jpg
0,Very Strong,Malignant,82.jpg,D:/university/summer 26/Data Mining/research project/archive\train\Malignant\82.jpg,Malignant,6105.jpg,D:/university/summer 26/Data Mining/research project/archive\test\Malignant\6105.jpg
0,Very Strong,Malignant,85.jpg,D:/university/summer 26/Data Mining/research project/archive\train\Malignant\85.jpg,Malignant,6110.jpg,D:/university/summer 26/Data Mining/research project/archive\test\Malignant\6110.jpg
0,Very Strong,Malignant,86.jpg,D:/university/summer 26/Data Mining/research project/archive\train\Malignant\86.jpg,Malignant,6111.jpg,D:/university/summer 26/Data Mining/research project/archive\test\Malignant\6111.jpg
0,Very Strong,Malignant,87.jpg,D:/university/summer 26/Data Mining/research project/archive\train\Malignant\87.jpg,Malignant,6112.jpg,D:/university/summer 26/Data Mining/research project/archive\test\Malignant\6112.jpg
0,Very Strong,Malignant,88.jpg,D:/university/summer 26/Data Mining/research project/archive\train\Malignant\88.jpg,Malignant,6113.jpg,D:/university/summer 26/Data Mining/research project/archive\test\Malignant\6113.jpg
0,Very Strong,Malignant,89.jpg,D:/university/summer 26/Data Mining/research project/archive\train\Malignant\89.jpg,Malignant,6114.jpg,D:/university/summer 26/Data Mining/research project/archive\test\Malignant\6114.jpg
0,Very Strong,Malignant,90.jpg,D:/university/summer 26/Data Mining/research project/archive\train\Malignant\90.jpg,Malignant,6116.jpg,D:/university/summer 26/Data Mining/research project/archive\test\Malignant\6116.jpg
0,Very Strong,Malignant,1438.jpg,D:/university/summer 26/Data Mining/research project/archive\train\Malignant\1438.jpg,Malignant,6117.jpg,D:/university/summer 26/Data Mining/research project/archive\test\Malignant\6117.jpg
0,Very Strong,Malignant,92.jpg,D:/university/summer 26/Data Mining/research project/archive\train\Malignant\92.jpg,Malignant,6118.jpg,D:/university/summer 26/Data Mining/research project/archive\test\Malignant\6118.jpg
